<?xml version="1.0" encoding="UTF-8" standalone="yes"?>
<addon id="repository.kbxy88" name="Pacific" version="1.0" provider-name="Kbxy88">
    <extension point="xbmc.addon.repository" name="Pacific Repository">
        <dir>
            <info compressed="false">https://raw.githubusercontent.com/kbxy88/Pacific/master/repo/zips/addons.xml</info>
            <checksum>https://raw.githubusercontent.com/kbxy88/Pacific/master/repo/zips/addons.xml.md5</checksum>
            <datadir zip="true">https://raw.githubusercontent.com/kbxy88/Pacific/master/repo/zips/</datadir>
        </dir>
        <dir minversion="19.0.0">
    		<info compressed="false">https://raw.githubusercontent.com/kbxy88/Pacific/master/matrix/zips/addons.xml</info>
    		<checksum>https://raw.githubusercontent.com/kbxy88/pacific/master/matrix/zips/addons.xml.md5</checksum>
    		<datadir zip="true">https://raw.githubusercontent.com/kbxy88/Pacific/master/matrix/zips/</datadir>
		</dir>
    </extension>
    <extension point="xbmc.addon.metadata">
        <summary>Pacific</summary>
        <description>Stuff</description>
        <disclaimer></disclaimer>
        <platform>all</platform>
        <assets>
            <icon>icon.png</icon>
            <fanart>fanart.jpg</fanart>
        </assets>
    </extension>
</addon>